title,score,id,url,comms_num,created,body,timestamp
That's it. I'm done. I've actually peaked this time and I'll never reach these heights again,120927,95bg2p,https://imgur.com/BNKYE4b,2101,1533675878.0,,2018-08-07 23:04:38
Have some Faith.,109319,a101g5,https://i.redd.it/lj3cyug0ey021.png,1112,1543388080.0,,2018-11-28 07:54:40
"One day though, one day",94773,cbzbvk,https://i.redd.it/ek27wh28xp931.jpg,1346,1562898742.0,,2019-07-12 04:32:22
I don't think she was too pleased with me,92857,arkbt8,https://i.redd.it/bl358lgbm4h21.jpg,3305,1550437083.0,,2019-02-17 21:58:03
Got blocked lol,92323,bath64,https://i.redd.it/ce9qzhulf1r21.jpg,1693,1554756986.0,,2019-04-08 22:56:26
She fell for it,91608,aw83zb,https://i.imgur.com/6ZF46H0.jpg,655,1551494147.0,,2019-03-02 03:35:47
I'm probably gonna get unmatched,88188,ce0e72,https://i.redd.it/gmvy4wfmdpa31.png,1483,1563327998.0,,2019-07-17 03:46:38
She's not wrong,86686,d9i6hy,https://i.redd.it/n4lsp36b9xo31.jpg,1383,1569525275.0,,2019-09-26 21:14:35
My greatest magic trick revealed,86266,cjb4vl,https://i.redd.it/yke66idlt8d31.jpg,803,1564435117.0,,2019-07-29 23:18:37
Not mine.. but damn.,85664,951gk0,https://i.redd.it/c83grjibahe11.png,594,1533592365.0,,2018-08-06 23:52:45
Tinder Roulette,84275,dk68my,https://i.redd.it/2idj7pm71jt31.jpg,1344,1571532297.0,,2019-10-20 02:44:57
Was swiping at the dispensary when I looked up and saw the girl I was about to swipe on.,80397,e3lci3,https://i.redd.it/j946uceg2p141.jpg,2541,1575092141.0,,2019-11-30 06:35:41
What‚Äôs Updog?,80143,9sj965,https://i.redd.it/nfwce0iz28v11.jpg,1213,1540890382.0,,2018-10-30 10:06:22
The one time you try to be creative ...,78842,bg8g34,https://i.redd.it/cklvfykz7wt21.jpg,984,1556001435.0,,2019-04-23 08:37:15
Hiking,78645,c8pal4,https://i.redd.it/4csw2hbsu3831.jpg,990,1562195752.0,,2019-07-04 01:15:52
Amateurs,77710,cs0sze,https://i.redd.it/8wwec6r0f7h31.jpg,641,1566161479.0,,2019-08-18 22:51:19
"Saw my opportunity, no regrets",75877,6r4k7o,https://i.redd.it/eb04wo255cdz.jpg,1295,1501713187.0,,2017-08-03 00:33:07
Gotta play it safe,75399,987ug6,https://i.redd.it/032ffan87rg11.png,1044,1534584093.0,,2018-08-18 11:21:33
"After 60+ custom profiles, Tinder banned me. So, here are my 8 favorite.",75288,asoxmv,https://i.redd.it/77i5vpz6hqh21.jpg,1218,1550701745.0,,2019-02-20 23:29:05
"I've finally got a contribution to make. Her bio said ""History buff""",75040,918wo7,https://i.redd.it/f9vsz0j0dqb11.jpg,690,1532394688.0,,2018-07-24 03:11:28
It was interesting to me at least,74850,b06asm,https://i.imgur.com/tIUDqsr.jpg,1146,1552416128.0,,2019-03-12 19:42:08
Did... did I make it guys?,74772,d40d8t,https://i.imgur.com/PfFMxvn.jpg,671,1568462526.0,,2019-09-14 14:02:06
Tinder in Russia did not disappoint.,74551,bquvxa,https://i.redd.it/oauh9l9b0dz21.jpg,668,1558383910.0,,2019-05-20 22:25:10
I did my best,74317,dcvg3p,https://i.redd.it/evr6s5bljdq31.jpg,1208,1570158291.0,,2019-10-04 05:04:51
Legend has it that Pete only gets Super Likes,73805,adli22,https://i.redd.it/znhkp9dp32921.jpg,623,1546919898.0,,2019-01-08 04:58:18
Crocs are finally good for something,72377,cixl19,https://i.redd.it/n474sik4i2d31.jpg,374,1564358599.0,,2019-07-29 02:03:19
Pokemon facts,71942,c5o91a,https://i.redd.it/xtf9kdtmho631.png,976,1561574278.0,,2019-06-26 20:37:58
I can't take compliments.,71134,b3quq2,https://i.imgur.com/DHEuN4J.jpg,615,1553205566.0,,2019-03-21 22:59:26
Show me,70877,8ee7yw,https://i.imgur.com/fhStKHi.png,685,1524540673.0,,2018-04-24 05:31:13
Jailbait,70840,91n6zb,https://i.redd.it/c8m5stpjszb11.jpg,1554,1532508873.0,,2018-07-25 10:54:33
"Recently single, downloaded to see what the dating world is like. First message.",70736,cieom3,https://i.redd.it/llngh7anusc31.jpg,1605,1564241748.0,,2019-07-27 17:35:48
Never been unmatched faster,70351,79wfr3,https://i.redd.it/jntms1uun6vz.jpg,896,1509492098.0,,2017-11-01 00:21:38
Face ride,69929,cvqtx5,https://i.redd.it/2rjsbhf2rti31.jpg,669,1566867745.0,,2019-08-27 03:02:25
Reverse psychology trick,69923,dr8r71,https://i.redd.it/tst5mjko3kw31.jpg,523,1572852777.0,,2019-11-04 08:32:57
We might be in boys,69594,dykgki,https://i.redd.it/vynwbbu8bnz31.png,432,1574199186.0,,2019-11-19 22:33:06
Risky message of the day,69452,dcfm17,https://i.redd.it/v3mib8dyo6q31.jpg,1150,1570075346.0,,2019-10-03 06:02:26
Was gonna wait for her response to post this but I don‚Äôt think I‚Äôm getting one,68808,ati02o,https://i.redd.it/wh9a8focn4i21.jpg,3818,1550873279.0,,2019-02-22 23:07:59
Wait what,68808,7tsdct,https://imgur.com/hyBYBox,708,1517262210.0,,2018-01-29 22:43:30
"Saw This on Twitter, Wanted to Share",68447,a8xxl5,https://i.redd.it/yhev3j2j53621.jpg,979,1545625005.0,,2018-12-24 05:16:45
"""Hi there, I'm a red flag. Date me.""",68204,co0qff,https://i.redd.it/cwnhqolslef31.jpg,2368,1565376812.0,,2019-08-09 20:53:32
Not a Meteorologist,68058,8qua8x,https://i.redd.it/cokunjj1ws311.png,962,1528939711.0,,2018-06-14 03:28:31
i‚Äôm deleting this app,68002,aua9ii,https://i.redd.it/t30zfwomyji21.jpg,1243,1551058675.0,,2019-02-25 02:37:55
r/humblebrag,67253,apazmv,https://i.imgur.com/fhjAUI4.jpg,924,1549877376.0,,2019-02-11 10:29:36
The truth hurts,66728,bhdlos,https://i.redd.it/zkny196y1hu21.jpg,706,1556253648.0,,2019-04-26 06:40:48
What are the chances?,66605,7phujn,https://i.redd.it/zqmsyybxga901.png,722,1515640069.0,,2018-01-11 04:07:49
What,66537,cd1adm,https://i.redd.it/0vzd3bcrq8a31.jpg,1518,1563126598.0,,2019-07-14 19:49:58
Bulletproof pick up line,64415,aewuvs,https://i.redd.it/kxp2jgswit921.jpg,235,1547251825.0,,2019-01-12 01:10:25
Bio said she worked for Delta...,64120,8c84sm,https://i.redd.it/8peazgoi4wr01.png,1208,1523747511.0,,2018-04-15 01:11:51
honestly what a good idea,63756,ciqk7h,https://i.redd.it/l77d067piyc31.jpg,404,1564310362.0,,2019-07-28 12:39:22
Pretty sure I‚Äôm going to die alone.,63695,ct753c,https://i.imgur.com/CopIMxf.jpg,878,1566367598.0,,2019-08-21 08:06:38
My bio used to say ‚Äúswipe right to get roasted‚Äù,63632,8j9ol5,https://i.imgur.com/tHT2Rpe.jpg,849,1526301581.0,,2018-05-14 14:39:41
An old insult but with a twist,63482,e29nf5,https://i.redd.it/045hh0yna5141.jpg,1276,1574852762.0,,2019-11-27 12:06:02
Playing the long game,63014,cz2ys0,https://i.imgur.com/0sxL26y.jpg,696,1567534916.0,,2019-09-03 20:21:56
It said in her bio that she was a sales rep,62802,ae9vtj,https://i.redd.it/gg7dv6sn0g921.jpg,425,1547088299.0,,2019-01-10 03:44:59
My back hurts,62751,apm7kb,https://i.redd.it/youl6ewir0g21.jpg,949,1549954559.0,,2019-02-12 07:55:59
"Her bio said ‚Äúif you peaked in high school, stay away from me‚Äù",62606,879g0h,https://i.redd.it/q0i4hgpp94o01.jpg,861,1522102721.0,,2018-03-27 00:18:41
Hoping for a Christmas miracle.,62553,7m3jf3,https://i.imgur.com/lLFTYRm.gifv,557,1514264312.0,,2017-12-26 05:58:32
Joke‚Äôs on me.,62535,ba8lwp,https://i.redd.it/lbd6qvo1fpq21.jpg,788,1554611517.0,,2019-04-07 06:31:57
unfortunate,62272,bk7teg,https://i.redd.it/yc5h64wxwyv21.jpg,606,1556914714.0,,2019-05-03 22:18:34
Her profile said she wouldn't date anyone who would split the bill,62141,aollry,https://i.redd.it/65i7onmp1ff21.jpg,1188,1549691755.0,,2019-02-09 06:55:55
Sorrow tv gets it,61751,d3lvoq,https://i.redd.it/olpfwdq4gbm31.png,1372,1568389522.0,,2019-09-13 17:45:22
Stay gold rural tinder,61677,dayhk3,https://i.redd.it/5dva7jb2mkp31.jpg,1364,1569808024.0,,2019-09-30 03:47:04
Crow of Judgement,61497,c7cs5x,https://i.redd.it/8d7f4a4qlh731.png,544,1561926323.0,,2019-06-30 22:25:23
70%,61313,6snh46,https://i.redd.it/73jw6r7w9rez.png,1622,1502332235.0,,2017-08-10 04:30:35
Aly Strong,61195,b7hzpx,https://i.redd.it/brpqyx94ocp21.jpg,1062,1554021328.0,,2019-03-31 10:35:28
Casual day at Tinder,60959,cmpzzi,https://i.redd.it/yvbo5glwote31.jpg,2295,1565123612.0,,2019-08-06 22:33:32
"that's what they mean, right?",60607,d7pmdf,https://i.redd.it/iyf7bsk905o31.jpg,455,1569183244.0,,2019-09-22 22:14:04
That was quick,60591,dtw7n5,https://i.redd.it/72ttpbxc2ox31.png,1537,1573336607.0,,2019-11-09 22:56:47
Ron,60508,dksva0,https://i.imgur.com/BgpL2ge.jpg,502,1571648511.0,,2019-10-21 11:01:51
Just send the link already,60395,dh8vyc,https://i.redd.it/kxa7lmbtcas31.jpg,310,1570991387.0,,2019-10-13 20:29:47
"I‚Äôm 6‚Äô4, gotta stick up for the shorter homies",60132,a1dq3j,https://i.redd.it/60ep3a7py6121.jpg,2804,1543491892.0,,2018-11-29 12:44:52
Imagine matching with someone and they tell you that,60105,axplc7,https://i.redd.it/gguh2w10yck21.jpg,791,1551845411.0,,2019-03-06 05:10:11
I guess she was an actual flat earther,60079,c94nsr,https://i.redd.it/xhl84svjeb831.jpg,704,1562287118.0,,2019-07-05 02:38:38
Got a ‚Äúsuperlike‚Äù a few years ago from a girl that had just gotten Tinder a couple days before. I was her first and only Tinder date. On 10/12/19 we said ‚ÄúI do‚Äù,59906,dioilo,https://i.imgur.com/sp2iDac.jpg,1726,1571257191.0,,2019-10-16 22:19:51
How to get a girlfriend off of tinder,59662,80zmzc,https://i.redd.it/6lupweair0j01.jpg,1233,1519881038.0,,2018-03-01 06:10:38
This guy is gold,59226,8n20hu,https://i.redd.it/q2radkbolu011.jpg,488,1527651700.0,,2018-05-30 05:41:40
"Ah, a woman of culture.",58929,cqfltt,https://i.redd.it/37c7l3ts7hg31.jpg,481,1565844272.0,,2019-08-15 06:44:32
I got super liked by my highschool crush and now I'm nervous üò≥,58887,d9c306,https://i.redd.it/wq7isy6v2uo31.jpg,1582,1569486787.0,,2019-09-26 10:33:07
She hasn‚Äôt responded yet. Taking bets on the unmatch,58798,czjho1,https://i.redd.it/sls20iefakk31.jpg,480,1567624869.0,,2019-09-04 21:21:09
Her three favorite things!,58770,8u0mkv,https://i.redd.it/tewuxuwezc611.jpg,961,1530053495.0,,2018-06-27 00:51:35
Fruit snacks?,58683,dl0qw5,https://i.redd.it/obijv66oewt31.jpg,603,1571694211.0,,2019-10-21 23:43:31
My friend just had a horrible accident. Somehow he manages to still be fucking awesome.,58522,9o0irj,https://i.redd.it/ka4rbflc93s11.jpg,762,1539524414.0,,2018-10-14 15:40:14
Follow up for the homies out here,58513,cdgs08,https://i.redd.it/uj704sgrmga31.jpg,864,1563222110.0,,2019-07-15 22:21:50
and they say romance is dead,58514,bj5ahx,https://i.redd.it/pjgoxieygfv21.jpg,506,1556670328.0,,2019-05-01 02:25:28
"No, No, No... Okay that's better",58507,azgirk,https://i.redd.it/vdw04txn4bl21.jpg,613,1552259287.0,,2019-03-11 00:08:07
I'd like to dedicate this post to all of those who doubted me,58347,a17f6y,https://i.redd.it/ef18fpr1g3121.png,1515,1543449299.0,,2018-11-29 00:54:59
My fianc√© saved a screenshot of our first Tinder conversation. Now we're really getting married (this September)!,58172,bse426,https://i.redd.it/13gxh2we74031.png,1388,1558713217.0,,2019-05-24 17:53:37
Shocking discovery tbh,58023,bldmok,https://i.redd.it/scl6o7ua1mw21.jpg,247,1557185660.0,,2019-05-07 01:34:20
Fair trade.,57652,dmotfu,https://i.redd.it/yy4igwsgpku31.jpg,416,1571988407.0,,2019-10-25 09:26:47
Insert punchline...,57151,6ftgiy,https://i.redd.it/aqk9xfo1882z.jpg,2588,1496871402.0,,2017-06-07 23:36:42
um... what do I say,56945,c54vxu,https://i.redd.it/qswqse0emg631.png,1340,1561478591.0,,2019-06-25 18:03:11
This is why I haven‚Äôt opened the app in a week.,56686,b716ul,https://i.imgur.com/X1tGG09.jpg,1418,1553914651.0,,2019-03-30 03:57:31
Someone please date him,56688,amsvh4,https://i.redd.it/5tlf2zqolee21.jpg,712,1549250396.0,,2019-02-04 04:19:56
"UPDATE: Yes, I am 5'4. Yes, she is 5'11. And, yes! We can make a perfect sized child üòÇ",56416,bhzotu,https://i.redd.it/rx3jkky9jtu21.png,3724,1556404765.0,,2019-04-28 00:39:25
"She stopped replying, but it was entirely worth it",56359,az5bpc,https://i.redd.it/6zj05lt7g4l21.png,496,1552178587.0,,2019-03-10 01:43:07
Capitalization is key,56325,92f3mn,https://i.redd.it/hhowayoibjc11.jpg,535,1532745286.0,,2018-07-28 04:34:46
Vegan Cheat Year,56289,94mr03,https://i.redd.it/su8f2ugfd5e11.png,910,1533448134.0,,2018-08-05 07:48:54
I've done it boys,56183,9w6k3o,https://i.redd.it/fwki78005rx11.jpg,633,1541992759.0,,2018-11-12 04:19:19
I think i‚Äôve found the one,56139,7cybsn,https://i.imgur.com/1UuNaRv.jpg,525,1510718589.0,,2017-11-15 05:03:09
My friend's Tinder bio slays me.,56044,e207mo,https://i.redd.it/dm8vzahq32141.jpg,764,1574814111.0,,2019-11-27 01:21:51
That moment when all your middle school wet dreams come true...,55824,b8kq6j,https://i.redd.it/9a1ozf6wdvp21.jpg,1541,1554247920.0,,2019-04-03 01:32:00
I think she nailed it.,55759,cpry0b,https://i.redd.it/ldwvww57e7g31.jpg,789,1565725360.0,,2019-08-13 21:42:40
Dammit Karen!,55597,acj2bk,https://i.redd.it/10rri82raf821.jpg,1063,1546643736.0,,2019-01-05 00:15:36
Laughed Hard at this,55516,7oc973,https://i.redd.it/wmbuxewxy9801.png,762,1515198172.0,,2018-01-06 01:22:52
This taxi driver in Israel is a man of culture as well,55194,cqcmyw,https://www.reddit.com/r/Tinder/comments/cqcmyw/this_taxi_driver_in_israel_is_a_man_of_culture_as/,1022,1565831402.0,[ Removed by reddit in response to a copyright notice. ],2019-08-15 03:10:02
Great chat,54880,d5ftr3,https://i.redd.it/vnc66grb75n31.jpg,236,1568749768.0,,2019-09-17 21:49:28
Finance meets Technology,54869,dgvg2e,https://i.redd.it/ywbsa83g84s31.jpg,203,1570917292.0,,2019-10-12 23:54:52
Screenshotting before she unmatches,54632,boo3bf,https://i.redd.it/3fbnmllvk8y21.jpg,415,1557894443.0,,2019-05-15 06:27:23
Excuse me??,54603,cg27tp,https://i.redd.it/49cm6s0t8pb31.jpg,518,1563762225.0,,2019-07-22 04:23:45
never take risks,54455,bu8mri,https://i.redd.it/3pro5uiz12131.jpg,654,1559122994.0,,2019-05-29 11:43:14
Definition of perfection? I think yes.,54373,dplot9,https://i.redd.it/vci0a0xyuuv31.png,404,1572547174.0,,2019-10-31 19:39:34
How did you know I was a painter?!,54117,cmbffj,https://i.redd.it/r5mtbuin0ne31.jpg,518,1565042919.0,,2019-08-06 00:08:39
My time to shine boys,53988,cqx5l4,https://i.redd.it/7mwzp6fqvog31.jpg,884,1565937069.0,,2019-08-16 08:31:09
Hit 'em with the ol' razzle dazzle,53830,dzej5x,https://i.redd.it/ji4xh9i95zz31.png,1231,1574342456.0,,2019-11-21 14:20:56
These photos one after the other made me laugh,53823,dz1s0p,https://i.redd.it/fxupkkauauz31.jpg,667,1574283798.0,,2019-11-20 22:03:18
The rates are rock bottom tonight...,53704,7xnsp0,https://i.redd.it/ps6ux7z0sag01.jpg,1531,1518694812.0,,2018-02-15 12:40:12
It's written in the stars,53671,bs7kbs,https://i.redd.it/mfy6joiqo0031.jpg,752,1558670582.0,,2019-05-24 06:03:02
Introducing the world‚Äôs worst catfish,53484,bh0uyh,https://i.redd.it/xo0oof21fau21.jpg,630,1556173298.0,,2019-04-25 08:21:38
Ouch,53109,aa1ltx,https://i.redd.it/2bm2c99l3v621.jpg,548,1545963342.0,,2018-12-28 03:15:42
oof,52939,chpkfd,https://i.redd.it/xwfzgs7z1hc31.jpg,659,1564098929.0,,2019-07-26 01:55:29
Her bio asked for a credit score,52914,cum2bb,https://i.redd.it/49ke9rwwdai31.jpg,755,1566633337.0,,2019-08-24 09:55:37
He unmatched me after this. I was just trying to be thorough ü§∑üèº‚Äç‚ôÄÔ∏è,52816,7fnx05,https://imgur.com/a/j71c4/,2896,1511742759.0,,2017-11-27 01:32:39
"5'4"" is perfect! üòçüòç",52678,chgtt2,https://i.redd.it/0tkirgfqmcc31.png,1264,1564045368.0,,2019-07-25 11:02:48
"Surprisingly, I‚Äôm still single.",52494,crhvb1,https://i.redd.it/zyy5ov1lyxg31.jpg,447,1566046991.0,,2019-08-17 15:03:11
Her bio said ‚ÄúI wish more people would ask me to freestyle‚Äù,52369,8rmres,https://i.imgur.com/rtG7g6n.jpg,647,1529216556.0,,2018-06-17 08:22:36
Mystery solved,52144,88jac4,https://i.redd.it/q8yzeirj84p01.png,724,1522538331.0,,2018-04-01 01:18:51
The pick up line with a 99% success rate,52007,ajyer2,https://i.redd.it/8bwtibk8lpc21.jpg,545,1548511725.0,,2019-01-26 15:08:45
Genius,51972,awwhwt,https://i.redd.it/pkvuq3kv0yj21.png,372,1551664776.0,,2019-03-04 02:59:36
This could mark a new chapter for me,51931,7axvst,https://i.imgur.com/MK6hwba.jpg,717,1509921476.0,,2017-11-05 23:37:56
At least he‚Äôs honest,51906,8197q3,https://i.imgur.com/4NYq8kd.jpg,288,1519970773.0,,2018-03-02 07:06:13
"I swiped right, not gonna lie",51846,bzdj7s,https://i.redd.it/ayp3n28orq331.jpg,341,1560293895.0,,2019-06-12 00:58:15
Genius,51795,cb0cdu,https://i.redd.it/bif93nskw9931.jpg,385,1562704813.0,,2019-07-09 22:40:13
She said say something funny... Shit,51594,90pes8,https://i.redd.it/6sgid5s83bb11.jpg,725,1532209801.0,,2018-07-21 23:50:01
Meet me half way,51587,biylt2,https://i.redd.it/my8axwoqlbv21.png,1193,1556623510.0,,2019-04-30 13:25:10
Face ride?,51485,b40g3b,https://i.redd.it/m34n7pmphln21.jpg,448,1553256440.0,,2019-03-22 13:07:20
Atleast he‚Äôs considerate,51323,dlpt6h,https://i.redd.it/050700au66u31.png,590,1571812658.0,,2019-10-23 08:37:38
Read me,50977,ci17n3,https://i.redd.it/izmt9riilmc31.png,1514,1564166036.0,,2019-07-26 20:33:56
Not everyone on tinder is a dick apparently,50921,caslwl,https://i.redd.it/c9de0mxyx5931.jpg,1044,1562656854.0,,2019-07-09 09:20:54
Sounds like she already has everything planned out,50801,bazuo8,https://i.redd.it/bht52d1x54r21.jpg,584,1554790049.0,,2019-04-09 08:07:29
What makes you qualified? (Credit: @delayniemarie on Twitter),50792,8mln1n,https://i.redd.it/dcr4z8tmfh011.jpg,772,1527492280.0,,2018-05-28 09:24:40
"I‚Äôm probably not gonna message either of these guys, but I‚Äôll keep them here, y‚Äôknow...",50655,a7eiqn,https://i.redd.it/ri9v39eac3521.jpg,880,1545191427.0,,2018-12-19 04:50:27
"not usually, no",50624,ce6tnl,https://i.redd.it/k5k3f1r0zra31.jpg,308,1563359407.0,,2019-07-17 12:30:07
Fifth time I match with a girl with this bio (quoting Cersei).,50579,bwrx1x,https://i.redd.it/l5ahuyoard231.jpg,825,1559700530.0,,2019-06-05 04:08:50
The perfect woman does exist.,50455,dm0ox9,https://i.redd.it/3odxmlof4bu31.jpg,701,1571872377.0,,2019-10-24 01:12:57
Turning this franchise around,50429,avv2iw,https://i.redd.it/e02uozdn1dj21.jpg,499,1551410790.0,,2019-03-01 04:26:30
I think I‚Äôm getting the hand of this now,50415,dwzbin,https://i.redd.it/i7cmz9haxxy31.jpg,672,1573891820.0,,2019-11-16 09:10:20
Dedication,50297,9rd2sv,https://i.redd.it/h3rfr54indu11.jpg,1058,1540521944.0,,2018-10-26 04:45:44
This is still the funniest Tinder photo I've ever seen,50228,73shzo,https://i.redd.it/lkda6l78wepz.jpg,493,1506976684.0,,2017-10-02 22:38:04
She's got me there,50019,a56cy2,https://imgur.com/zI3ozzk.jpg,509,1544559938.0,,2018-12-11 21:25:38
The time I went to the Bahamas,49988,bhoemr,https://i.redd.it/dz5fgygizmu21.jpg,1330,1556325483.0,,2019-04-27 02:38:03
Why am I like this?,49937,8ktrcc,http://imgur.com/mFpdev0,810,1526863320.0,,2018-05-21 02:42:00
1/2,49873,b0mu1v,https://i.redd.it/9chsjlzsfwl21.jpg,824,1552517278.0,,2019-03-13 23:47:58
"Well, this is awkward.",49709,dkk5lj,https://i.redd.it/kzr0v4nkfpt31.jpg,457,1571609766.0,,2019-10-21 00:16:06
I've peaked. I can't top this.,49583,865hcu,https://imgur.com/1WbvWDN,881,1521692634.0,,2018-03-22 05:23:54
"After using Tinder on and off for years, I'm noticing a pattern.",49457,c2ov9v,https://i.redd.it/hy36g2wmle531.jpg,2001,1561018382.0,,2019-06-20 10:13:02
Am I doing this right?,49348,939w58,https://i.redd.it/wiv3tyksm6d11.jpg,629,1533027535.0,,2018-07-31 10:58:55
Made my account Mario and this is where it got me,49156,b1jl9k,https://i.redd.it/yw80mv7fbcm21.jpg,332,1552709514.0,,2019-03-16 05:11:54
It‚Äôs big brain time,49069,cx8vgq,https://i.redd.it/akoyj2cb4hj31.jpg,435,1567150644.0,,2019-08-30 09:37:24
Madlad did it,49009,d25b3h,https://i.redd.it/taxxti47nql31.jpg,309,1568137658.0,,2019-09-10 19:47:38
When life hands you lemons...,48950,crr37w,https://i.redd.it/kdyie3n5e2h31.jpg,742,1566100654.0,,2019-08-18 05:57:34
Not the pickel,48873,cn6808,https://i.redd.it/jqb7tiz8a1f31.jpg,787,1565215538.0,,2019-08-08 00:05:38
A well traveled girl,48824,933jno,https://i.redd.it/j2gzftaau2d11.jpg,389,1532981629.0,,2018-07-30 22:13:49
Her bio said ‚Äúwill blow your mind with daily fun facts‚Äù,48784,da87ff,https://i.redd.it/quzgp9plz7p31.jpg,482,1569655186.0,,2019-09-28 09:19:46
Like a search engine,48756,85xbix,https://i.redd.it/xzb6rfe620n01.jpg,895,1521615911.0,,2018-03-21 08:05:11
My first tinder experience.,48725,c3iccy,https://i.redd.it/o5cqa6elqs531.jpg,418,1561189465.0,,2019-06-22 09:44:25
Damn that's cold.,48654,6aksum,https://i.imgur.com/dZ2vx2q.png,646,1494545104.0,,2017-05-12 01:25:04
Honesty is always better than ghosting. We all need more of this!,48631,bdl052,http://i.imgur.com/SJIDq7i.jpg,905,1555388800.0,,2019-04-16 06:26:40
Am I on the wrong here? We were taking turns answering questions.,48601,a1sc6e,https://i.redd.it/1yz1pjknxg121.jpg,4032,1543612610.0,,2018-11-30 22:16:50
I've never been unmatched faster in my life.,48569,710qxp,http://imgur.com/heVbGVL,1716,1505825734.0,,2017-09-19 14:55:34
Do it for the kids!!,48576,cq67ox,https://i.redd.it/iu85f1ra7dg31.jpg,541,1565795680.0,,2019-08-14 17:14:40
*Zero matches intensifies*,48520,cotpsn,https://i.redd.it/q98v4gs0qrf31.jpg,607,1565535623.0,,2019-08-11 17:00:23
I think I've peaked. It's all downhill from here,48389,836oec,https://imgur.com/f50djtL,828,1520631086.0,,2018-03-09 22:31:26
"Straight in there, no messing about",48305,dsf14i,https://i.redd.it/h69rrzsnx1x31.png,491,1573068676.0,,2019-11-06 20:31:16
Moments before I was unmatched.,48243,72hchj,https://imgur.com/8HdH8M1,1727,1506420864.0,,2017-09-26 12:14:24
Multiple oofs,48123,ci656x,https://i.redd.it/nxzxjp9bsoc31.jpg,464,1564192528.0,,2019-07-27 03:55:28
These kids are gonna fucking starve,48034,dw1kp1,https://i.redd.it/x4flboh1vjy31.jpg,410,1573721567.0,,2019-11-14 09:52:47
I think I'm in there,48019,6b444m,https://i.redd.it/zqy95tu26hxy.jpg,303,1494800462.0,,2017-05-15 00:21:02
Get your tickets here!,47933,9h94qf,https://i.redd.it/bivtz3xug9n11.jpg,278,1537420354.0,,2018-09-20 07:12:34
Ghosting is for dickheads.,47916,btkhoy,https://i.redd.it/v4lv56gjfq031.png,1212,1558982269.0,,2019-05-27 20:37:49
You could say I‚Äôm good at making pancakes.,47870,bgl9k4,https://i.redd.it/i2ro0vrsp2u21.jpg,768,1556080087.0,,2019-04-24 06:28:07
Not quite the answer I was expecting...,47800,7rhw5q,https://i.redd.it/bf96f5aam0b01.jpg,735,1516392497.0,,2018-01-19 21:08:17
"Lets see if this whole ""honesty"" thing works...",47782,9uz2f7,https://i.redd.it/ghhhhyo1mww11.png,654,1541623176.0,,2018-11-07 21:39:36
When you‚Äôre tired of them just sending ‚ÄúHey‚Äù,47657,c4w6dy,https://i.redd.it/qp23xtvphd631.jpg,576,1561440700.0,,2019-06-25 07:31:40
A goddamn legend walks among us,47613,cyb3cx,https://i.imgur.com/Bv9a8jK.jpg,306,1567379461.0,,2019-09-02 01:11:01
Only a b*t*h deals in absolutes,47571,d1q5eg,https://i.redd.it/pa5v954h9kl31.jpg,844,1568060399.0,,2019-09-09 22:19:59
Change my mind!,47569,cki76h,https://i.redd.it/ak8j0x6bzqd31.jpg,1126,1564654944.0,,2019-08-01 12:22:24
DateCheri,47356,7st5gn,https://i.redd.it/raqzvz7gt4c01.jpg,617,1516879182.0,,2018-01-25 12:19:42
bill and melinda foundation,47340,clxuuq,https://i.redd.it/p9zc04a9fge31.jpg,341,1564962977.0,,2019-08-05 01:56:17
~Smooth Criminal üòé,47310,bpaeyr,https://i.redd.it/m145wa6eljy21.jpg,491,1558027793.0,,2019-05-16 19:29:53
Hope slazo puts this in his video uwu,47240,be883h,https://i.redd.it/o6t32g5i0us21.jpg,282,1555538855.0,,2019-04-18 00:07:35
Top Ten Anime Plot twists,47146,aj0g6i,https://i.redd.it/z49i0j42s6c21.jpg,953,1548283987.0,,2019-01-23 23:53:07
Worth it though,47124,c13ujo,https://i.redd.it/ql2fmzk50m431.jpg,174,1560672059.0,,2019-06-16 10:00:59
cut their arms off,47013,a1k557,https://i.redd.it/zqc7br48gb121.jpg,430,1543546214.0,,2018-11-30 03:50:14
My new holiday tradition,46886,a9qvad,https://i.redd.it/cgju3j5ryn621.jpg,303,1545877021.0,,2018-12-27 03:17:01
Almost exactly 3 years ago I made the most important swipe of my life. Thanks Tinder!,46789,782lej,https://i.redd.it/tswn8osiuftz.jpg,1047,1508731606.0,,2017-10-23 06:06:46
I just got absolutely rekt.,46777,al503y,https://i.redd.it/93vgkbygkfd21.jpg,545,1548826246.0,,2019-01-30 06:30:46
Swing and a miss,46725,9f82wd,https://imgur.com/u4Ycj9z,658,1536790109.0,,2018-09-13 00:08:29
This is why you don't use tinder for jokes.,46453,9p5szc,https://i.redd.it/8qvbwge3cvs11.jpg,1087,1539864357.0,,2018-10-18 14:05:57
"Decided to put my bruised ego aside, and do a solid for my mate",46414,betwa9,https://i.redd.it/ymn5izy5q4t21.jpg,912,1555668554.0,,2019-04-19 12:09:14
My bio said I hunt/track mammoths,46411,cl3y3f,https://i.redd.it/oxifvi5fc1e31.jpg,247,1564780420.0,,2019-08-02 23:13:40
???,46212,c0uzul,https://i.redd.it/p9m1vwl39h431.jpg,454,1560614535.0,,2019-06-15 18:02:15
Got unmatched pretty quick after that one.,46194,777r9s,https://i.redd.it/c3djmvfs8msz.jpg,2560,1508373198.0,,2017-10-19 02:33:18
Just died inside,46190,dfyhxj,https://i.redd.it/chr7iswn0qr31.jpg,631,1570745163.0,,2019-10-11 00:06:03
Science the boys away.,46112,csg8jt,https://i.redd.it/3oavr5jqvib11.jpg,469,1566245536.0,,2019-08-19 22:12:16
Am I doing this right?,46048,7j3ilu,https://i.redd.it/p8nt0q0rrb301.png,1058,1513040728.0,,2017-12-12 02:05:28
That clap back.,45937,87wr0h,https://i.redd.it/cbkjwyuedlo01.jpg,443,1522309786.0,,2018-03-29 09:49:46
She was his souper-like,45879,9p0jxm,https://i.redd.it/bharlh5p2ss11.jpg,328,1539824849.0,,2018-10-18 03:07:29
She just kills it!,45882,bkknib,https://i.redd.it/rvo9ge3iu6w21.jpg,305,1557001771.0,,2019-05-04 22:29:31
The long game,45625,c6v517,https://imgur.com/L8vwH8W,576,1561815769.0,,2019-06-29 15:42:49
How are we saving our tinder matches?,45444,9xvf4h,https://i.redd.it/pcgejmn1cvy11.png,671,1542479403.0,,2018-11-17 19:30:03
Well that took a turn‚Ä¶,45439,80fftr,https://i.imgur.com/ECkJjRk.jpg,262,1519700278.0,,2018-02-27 03:57:58
I guess this is why I‚Äôm still single,45315,akghv0,https://i.redd.it/paea23woi1d21.jpg,891,1548656151.0,,2019-01-28 07:15:51
Reverse uno card,45286,ap2n13,https://i.redd.it/28ujszhorpf21.jpg,430,1549821435.0,,2019-02-10 18:57:15
She said she works in IT and was looking for a gentleman...,45248,7vp2my,https://imgur.com/bXAZCKV,871,1517967945.0,,2018-02-07 02:45:45
Overcoming great odds,45062,9jcnsz,https://i.redd.it/ndnoogxq2qo11.jpg,1466,1538082068.0,,2018-09-27 23:01:08
"Am I doing this ""Daddy"" thing right?",45056,c8ef8h,https://i.redd.it/jg0o9so87y731.png,823,1562127310.0,,2019-07-03 06:15:10
Received a wholesome curveball.,45004,e4pu86,https://i.redd.it/cqxn0eeiw3241.jpg,378,1575271743.0,,2019-12-02 08:29:03
Tuesdays are strange on tinder.,44869,8g7wu9,https://imgur.com/goC0Fx9,607,1525204954.0,,2018-05-01 22:02:34
Swing and a miss,44744,b9qwqy,https://i.redd.it/pmk1pzak1gq21.jpg,625,1554498018.0,,2019-04-05 23:00:18
I love agriculture üöú,44690,b0tw3u,https://i.redd.it/kgv8odp4fzl21.jpg,379,1552553373.0,,2019-03-14 09:49:33
This girl gets it,44693,akt9eb,https://i.redd.it/ge7wzowju8d21.jpg,689,1548744888.0,,2019-01-29 07:54:48
ü¶êüç§ü¶êüç§ü¶êüç§ü¶êüç§ü¶êüç§ü¶êüç§,44694,a24vw1,https://i.redd.it/gxu69ft1bp121.jpg,226,1543713970.0,,2018-12-02 02:26:10
"There's no way this could backfire, right?",44560,ajqns4,https://i.imgur.com/kDJ3hMB.jpg,631,1548462218.0,,2019-01-26 01:23:38
This did not steer the conversation in the right direction,44558,abgt8n,https://i.imgur.com/r2UMUgC.png,258,1546362612.0,,2019-01-01 18:10:12
I‚Äôm my dads number 1 wingman,44552,9h2bgi,https://i.redd.it/c31y7hyjo4n11.jpg,357,1537362394.0,,2018-09-19 15:06:34
"Her bio said ""tell me your favorite Pok√©mon""",44519,6yusk2,https://i.redd.it/dwenk4dkwnkz.jpg,613,1504906516.0,,2017-09-08 23:35:16
Double Down,44504,6q3sa3,http://i.imgur.com/tvOjUyG.png,890,1501277319.0,,2017-07-28 23:28:39
Tinder knows,44382,b32c17,https://i.redd.it/9zwj74ujw4n21.jpg,508,1553055614.0,,2019-03-20 05:20:14
This isn't a joke Cindy.,44355,b8c6mv,https://i.redd.it/ne3vax541rp21.png,914,1554195205.0,,2019-04-02 10:53:25
He's got it covered,44311,bnosi0,https://i.redd.it/0jun2c3a5sx21.jpg,466,1557695488.0,,2019-05-12 23:11:28
I was almost on TV.,44285,a3x8sq,https://i.redd.it/woe5qnonts221.jpg,730,1544192498.0,,2018-12-07 15:21:38
I think things are going pretty well,44244,cf33h2,https://i.redd.it/x9v38znkv6b31.jpg,672,1563539852.0,,2019-07-19 14:37:32
It‚Äôs called suave,44229,a2p6f7,https://i.redd.it/n7bly54iq2221.jpg,320,1543876556.0,,2018-12-03 23:35:56
Tinder boys. Sigh. Every time.,44213,dpd3jl,https://i.redd.it/jtydhmbtwqv31.png,711,1572499367.0,,2019-10-31 06:22:47
Who‚Äôs your daddy?,44139,96oxe3,https://i.redd.it/3pyd8qibsnf11.jpg,460,1534106906.0,,2018-08-12 22:48:26
Perfect bio doesn't exist..,44132,cwi5s5,https://i.redd.it/4hvge2hcn5j31.jpg,481,1567011762.0,,2019-08-28 19:02:42
"Immediately unmatched, but your legacy lives on.",44106,bfdg1b,https://i.redd.it/a64aj73zuft21.jpg,424,1555803347.0,,2019-04-21 01:35:47
Looks like I've won,44052,a78bxh,https://i.redd.it/xzi6gy7l7z421.jpg,484,1545141419.0,,2018-12-18 14:56:59
"There are no wrong answers, right?",43955,7x2yx0,https://i.redd.it/4nwbqy9cvtf01.jpg,457,1518490034.0,,2018-02-13 03:47:14
I like to think I was smooth 2nd year uni.,43872,aehw0y,https://i.redd.it/uust1cakqk921.jpg,2416,1547145437.0,,2019-01-10 19:37:17
I think I‚Äôm funny,43833,cyo1o5,https://i.redd.it/w0xf5i2576k31.jpg,192,1567454266.0,,2019-09-02 21:57:46
Got unmatched right after,43816,621z5l,https://i.redd.it/dsv4y5wpk7oy.jpg,1263,1490761684.0,,2017-03-29 06:28:04
D&D anyone?,43798,are4jq,https://www.reddit.com/r/Tinder/comments/are4jq/dd_anyone/,559,1550386520.0,[ Removed by reddit in response to a copyright notice. ],2019-02-17 07:55:20
Worth it...,43796,8nef15,https://i.imgur.com/k9BylX7.jpg,444,1527762453.0,,2018-05-31 12:27:33
Damnit Blake,43692,b10rqj,https://i.redd.it/6q3xvf1sd3m21.jpg,544,1552601345.0,,2019-03-14 23:09:05
A match made in heaven,43670,dkeac8,https://i.redd.it/17bmnl2m7mt31.jpg,288,1571570768.0,,2019-10-20 13:26:08
Umm okaaaay,43537,dv5elx,https://i.redd.it/foeurmx0x6y31.jpg,431,1573564845.0,,2019-11-12 14:20:45
Me reading everyone's fun conversations while I have no matches,43525,e088g9,https://i.redd.it/lrtngkul9b041.gif,594,1574489258.0,,2019-11-23 07:07:38
Am I doing this right?,43522,dlam7g,https://i.redd.it/2f84zo5vxzt31.jpg,368,1571736988.0,,2019-10-22 11:36:28
Truth hurts,43426,c9zx1c,https://i.redd.it/zccpm58vkr831.jpg,376,1562482951.0,,2019-07-07 09:02:31
Absolutely wild how well this bio has worked,43387,bkrsrt,https://i.redd.it/59vvpqzsfaw21.jpg,845,1557045256.0,,2019-05-05 10:34:16
Every time,43296,9wckcc,https://imgur.com/GwrLFwI,213,1542043191.0,,2018-11-12 18:19:51
Oversharing is caring,43250,a2zyi7,https://imgur.com/ucXo3Gb,243,1543952735.0,,2018-12-04 20:45:35
Jackpot!,43143,6cnqlk,https://i.redd.it/kxqdyzoxn1zy.gif,744,1495493920.0,,2017-05-23 00:58:40
My favorite bio I‚Äôve seen,43104,dn5f8d,https://i.redd.it/th5m70xlqru31.png,395,1572073548.0,,2019-10-26 09:05:48
"If you've met one, you've met 12",43071,b6djnw,https://imgur.com/GfIAijI,1116,1553770365.0,,2019-03-28 11:52:45
My sister says this is why I am still single. ü§∑üèª‚Äç‚ôÇÔ∏è,42989,ds5n0a,https://i.redd.it/pu1spme8oxw31.png,466,1573017078.0,,2019-11-06 06:11:18
At least she‚Äôs honest & gets to the point,42874,7hj1ul,https://i.redd.it/1rndnlvi3y101.jpg,530,1512439341.0,,2017-12-05 03:02:21
No beating around the bush,42847,d8zpxk,https://i.redd.it/f6chojuevoo31.jpg,573,1569423746.0,,2019-09-25 17:02:26
Hello 911 I would like to report a murder,42839,8yfy16,https://imgur.com/Wzwy8uV,580,1531476168.0,,2018-07-13 12:02:48
Role play time.,42765,d4wee6,https://i.redd.it/95w3nw4h8wm31.jpg,510,1568641192.0,,2019-09-16 15:39:52
Too soon?,42694,d7wo7e,https://i.redd.it/2qz7hhg1p7o31.jpg,265,1569215785.0,,2019-09-23 07:16:25
Roomates are cool.,42670,bbuv4m,https://i.redd.it/sg2bxg4frjr21.jpg,770,1554978883.0,,2019-04-11 12:34:43
Burger or Submarine Sandwich?,42623,cfwuvm,https://i.redd.it/o9epc2eh9mb31.jpg,775,1563726132.0,,2019-07-21 18:22:12
Got you there,42607,a51kef,https://i.redd.it/c8yphpynlj321.jpg,361,1544516595.0,,2018-12-11 09:23:15
"I‚Äôll admit, the anthem made me chuckle.",42457,7rctmk,https://i.redd.it/95lj6y1c2wa01.jpg,233,1516337365.0,,2018-01-19 05:49:25
Tinder in Chicago,42368,am3u2t,https://i.redd.it/gt3pry17izd21.jpg,828,1549067618.0,,2019-02-02 01:33:38
Drop the hammer,42312,andx1t,https://i.redd.it/2c590uw01re21.jpg,999,1549400836.0,,2019-02-05 22:07:16
I‚Äôm impressed how quickly I came up with this response,42268,74ry5f,https://i.redd.it/9sl32d316bqz.jpg,922,1507367397.0,,2017-10-07 11:09:57
Noice.,42266,ck53gs,https://i.redd.it/8dkuc5dgcld31.jpg,330,1564586723.0,,2019-07-31 17:25:23
Interrupted her chat up line with my own,42218,c2efkf,https://i.redd.it/hu6jukkdw9531.jpg,700,1560961354.0,,2019-06-19 18:22:34
He has a very specific type,42172,d7axaf,https://i.redd.it/9vuqc5rkfyn31.jpg,702,1569103642.0,,2019-09-22 00:07:22
Chatted with her for almost an hour before this happened.,42179,8kcx7u,https://i.imgur.com/Jg6xqFe.jpg,2270,1526676744.0,,2018-05-18 22:52:24
I gotta teach math too now?,42135,ceeos1,https://i.redd.it/hlr7yezdyva31.jpg,824,1563407622.0,,2019-07-18 01:53:42
"Jokes on her, I do have chlamydia üòÖ",42097,dhoh3k,https://i.redd.it/ym8eym0cdhs31.jpg,775,1571076310.0,,2019-10-14 20:05:10
"Not mine, but gave me a good laugh so thought I‚Äôd share",41922,acco76,https://i.redd.it/x7xh0wjr3b821.jpg,636,1546592962.0,,2019-01-04 10:09:22
Friends with benefits,41881,ccosz1,https://i.redd.it/2j09n0o2e2a31.jpg,213,1563049690.0,,2019-07-13 22:28:10
I put in my bio that I‚Äôm Canadian,41782,blvy2c,https://i.redd.it/vuh1lhujpuw21.jpg,605,1557290671.0,,2019-05-08 06:44:31
So is that a no?,41758,d801rf,https://i.redd.it/2tb2qu5w39o31.jpg,229,1569232887.0,,2019-09-23 12:01:27
It worked,41760,7r28hd,https://i.redd.it/aswy3t9xona01.jpg,579,1516235997.0,,2018-01-18 01:39:57
Jesus Christ it actually worked.,41751,9hoxva,https://imgur.com/e7NyDE8,733,1537559328.0,,2018-09-21 21:48:48
I challenge you up,41728,aa4ulv,https://i.redd.it/dtzc8homuw621.jpg,512,1545984544.0,,2018-12-28 09:09:04
Beautiful Mountains,41723,e2fxl5,https://i.imgur.com/j3KyL63.png,1083,1574889750.0,,2019-11-27 22:22:30
I'm peanut butter,41567,74wr6g,https://i.redd.it/oofikcc8hgqz.png,720,1507431710.0,,2017-10-08 05:01:50
Tryna flex that creative muscle,41565,dj9lrx,https://i.redd.it/wj9tq60dy4t31.png,288,1571361839.0,,2019-10-18 03:23:59
I can feel an uprising in my lower classes,41529,e2vlih,https://i.imgur.com/cfo7ZXJ.jpg,339,1574961072.0,,2019-11-28 18:11:12
My bad,41525,des2cj,https://i.redd.it/swwhsvmyj7r31.jpg,291,1570521622.0,,2019-10-08 10:00:22
Comrade Anastasiya reporting for duty.,41524,bmy8k8,https://i.redd.it/pabkweqjxdx21.jpg,513,1557523391.0,,2019-05-10 23:23:11
Sweet tinder match,41472,bt89f2,https://imgur.com/nlSk18a,604,1558908218.0,,2019-05-27 00:03:38
She didn't reply but I have zero regrets using this.,41455,bf97l3,https://i.redd.it/qdqib8z22dt21.jpg,433,1555769419.0,,2019-04-20 16:10:19
Every one of my matches,41402,bbl9sd,https://i.redd.it/yonz61fehfr21.png,999,1554927147.0,,2019-04-10 22:12:27
Her profile said she had ‚Äòfun mom energy‚Äô,41352,8r3iay,https://i.redd.it/roplkt5000411.jpg,424,1529024597.0,,2018-06-15 03:03:17
Backfired,41230,8tmo0q,https://i.redd.it/cxr0d79gw1611.jpg,571,1529919312.0,,2018-06-25 11:35:12
Why I hate Stuart Little.,41222,dvv5st,https://i.redd.it/tuibhqx6phy31.jpg,734,1573695417.0,,2019-11-14 02:36:57
a perfect love,41196,cwxt18,https://i.imgur.com/qHrgsGP.jpg,403,1567094401.0,,2019-08-29 18:00:01
A new medical condition?,41176,czoxa1,https://i.redd.it/vc2s6mpsgmk31.jpg,223,1567651228.0,,2019-09-05 04:40:28
Sounds about right,41169,cx2eji,https://i.redd.it/3cxdkbtloej31.jpg,177,1567121149.0,,2019-08-30 01:25:49
I'm surprised she made it this far,41125,a6kydo,https://i.imgur.com/5wDbHxW.jpg,1249,1544952541.0,,2018-12-16 10:29:01
Kind of proud of this one,41085,6jm2l1,https://i.redd.it/x089t8ggl06z.jpg,612,1498522449.0,,2017-06-27 02:14:09
He didn't like my suggestion for our first date,41065,b4mm3v,https://i.redd.it/jnc178qpywn21.jpg,453,1553395335.0,,2019-03-24 03:42:15
The year is 2030...,40991,be2dhk,https://i.redd.it/jouqxq3agqs21.jpg,311,1555495733.0,,2019-04-17 12:08:53
Oh shit oh god oh fuck,40792,bpkitk,https://i.redd.it/4s54puts3oy21.jpg,554,1558082411.0,,2019-05-17 10:40:11
I didn‚Äôt know,40773,dj1st9,https://i.redd.it/3pn2h8kvd1t31.jpg,354,1571318630.0,,2019-10-17 15:23:50
Am I doing this right,40762,8gkm29,https://i.redd.it/psnij3mh5iv01.jpg,655,1525321734.0,,2018-05-03 06:28:54
I Hope She's Okay...,40675,7dlsod,https://i.imgur.com/24RNbJ6.jpg,2089,1510962258.0,,2017-11-18 00:44:18
What a response. Lost for words,40568,9xmyf1,https://imgur.com/vi16gha,591,1542409773.0,,2018-11-17 00:09:33
How it feels like swiping in a major city,40507,bmi8sf,https://i.redd.it/fxzk6ubw06x21.jpg,484,1557427682.0,,2019-05-09 20:48:02
Her bio was: I'm good at holding things.,40488,d0vgvf,https://i.redd.it/a3fo182x26l31.jpg,445,1567888697.0,,2019-09-07 22:38:17
Apologies if it's a repost. It madeth me laugh,40438,ag7nar,https://i.redd.it/iqrzszyoqka21.jpg,584,1547581332.0,,2019-01-15 20:42:12
Now that's quality advertising,40426,70gyhp,http://imgur.com/OfeULwE,516,1505598506.0,,2017-09-16 23:48:26
Wait a minute...,40379,a4dpdd,https://i.redd.it/5mo1jz6kv3321.jpg,253,1544326214.0,,2018-12-09 04:30:14
"I‚Äôm new to both being an amputee and to being on tinder, tried to make some jokes about it. How did I do, should I change some?",40340,cknmnq,https://i.redd.it/aj9bl9hqxtd31.jpg,1138,1564690734.0,,2019-08-01 22:18:54
Gonna slambo a jar of peaches,40347,cuctl6,https://i.redd.it/tm134r18t6i31.jpg,300,1566590000.0,,2019-08-23 21:53:20
Honestly my finest work.,40349,d2wmq5,https://i.redd.it/qumfhcno01m31.jpg,497,1568263257.0,,2019-09-12 06:40:57
Seems sadly realistic,40315,bdwvsx,https://i.redd.it/x632o47oyns21.jpg,170,1555465598.0,,2019-04-17 03:46:38
lgbt,40220,9j1ud9,https://i.redd.it/rmqf3omnoko11.jpg,330,1537991986.0,,2018-09-26 21:59:46
"Can you say, unmatched?",40128,a41rsf,https://imgur.com/Pr3sYZh.jpg,1698,1544230912.0,,2018-12-08 02:01:52
I like to keep ‚Äòem on their toes,40090,abtg1d,https://i.redd.it/h1od19jui0821.jpg,368,1546464856.0,,2019-01-02 22:34:16
My fianc√©e saved a screenshot of our first Tinder conversation. Now we're finally married!,40086,dom45g,https://i.redd.it/br96z0c3ffv31.png,509,1572360374.0,,2019-10-29 15:46:14
Saw this on Twitter and just had to share it here,40020,6oh7h9,https://i.redd.it/fwxejxkptraz.jpg,243,1500595503.0,,2017-07-21 02:05:03
No Response,39975,ctfoa4,https://i.redd.it/2p28493whsh31.jpg,454,1566416690.0,,2019-08-21 21:44:50
I‚Äôm 21 and she‚Äôs 30,39972,ai08u8,https://i.imgur.com/OOuSPlS.jpg,828,1548035356.0,,2019-01-21 02:49:16
Her bio said she never lowers the bar,39951,9i0k02,https://i.imgur.com/yePJKNa.jpg,1082,1537659290.0,,2018-09-23 01:34:50
Don't get the wrong idea lady,39846,76y5fo,https://i.redd.it/3yd2jrnhudsz.jpg,630,1508271538.0,,2017-10-17 22:18:58
My first match üôÉ,39782,dd2lds,https://imgur.com/UaJpbNW,326,1570192948.0,,2019-10-04 14:42:28
He shoots he scor-wait no he misses.,39725,9tc9a0,https://i.redd.it/mwavbiaimrv11.jpg,523,1541126953.0,,2018-11-02 03:49:13
I think I‚Äôve hit my peak,39646,8bcsl3,https://i.redd.it/6xsqthf266r01.jpg,436,1523434096.0,,2018-04-11 10:08:16
I mean am I wrong.,39635,b8sz7d,https://i.redd.it/ssgsqfyqxyp21.jpg,613,1554290920.0,,2019-04-03 13:28:40
Definitely my favorite joke,39606,8f2wja,https://i.redd.it/yhzxrsduf9u01.jpg,709,1524780405.0,,2018-04-27 00:06:45
Waiting to be unmatched,39545,d5s4pu,https://i.imgur.com/RizqGXJ.png,630,1568806941.0,,2019-09-18 13:42:21
She was indeed,39527,bstl5m,https://i.redd.it/md5mwy0dhc031.jpg,628,1558813384.0,,2019-05-25 21:43:04
Traffic Lights,39523,doace5,https://i.redd.it/rwcj4zo7vav31.jpg,538,1572305134.0,,2019-10-29 00:25:34
"Me, finally giving up on Tinder and accepting I‚Äôm going to be alone forever",39480,c75gda,https://i.redd.it/ewzbj1fifd731.jpg,1005,1561875806.0,,2019-06-30 08:23:26
The unlikely winner,39468,6usye6,https://i.redd.it/7kc8kin9osgz.jpg,548,1503220867.0,,2017-08-20 11:21:07
Realistic nurse roleplayüòè,39417,bqo516,https://i.redd.it/o4z6norvd9z21.jpg,257,1558340045.0,,2019-05-20 10:14:05
I don't think she's laughing any more.,39370,aqdmja,https://i.imgur.com/alay5k7.png,285,1550132592.0,,2019-02-14 09:23:12
Tried to disappoint her more than her exboyfriend did.,39356,arfg5h,https://i.imgur.com/4adhyIW.jpg,255,1550394902.0,,2019-02-17 10:15:02
Tinder to a T,39319,djgfgv,https://i.redd.it/7dirw8avg7t31.jpg,1771,1571392281.0,,2019-10-18 11:51:21
What a considerate man,39309,ayh0dt,https://i.redd.it/uquiakuv6rk21.jpg,204,1552017898.0,,2019-03-08 05:04:58
Can we all agree that tinder is not for friends?,39271,a5rki1,https://i.redd.it/bkujqn7t50421.jpg,679,1544717080.0,,2018-12-13 17:04:40
*tears*,39228,e4dqca,https://i.redd.it/o7750160cz141.jpg,306,1575216419.0,,2019-12-01 17:06:59
Am I an ass for laughing?,39113,cext8a,https://i.redd.it/ttkap8urg4b31.png,283,1563510660.0,,2019-07-19 06:31:00
She unmatched me,39007,97xyyg,https://i.redd.it/2fm27vl4zjg11.jpg,361,1534496617.0,,2018-08-17 11:03:37
I tried,39006,77y9bm,https://i.redd.it/6aalyywf6btz.jpg,902,1508675120.0,,2017-10-22 14:25:20
Bitches Love Poetry,39001,asjctx,https://i.imgur.com/3Ff31cN.jpg,721,1550662249.0,,2019-02-20 12:30:49
I feel sorry for those who match with me,38925,7nv5iv,https://imgur.com/a/XpYBv,1154,1515020476.0,,2018-01-04 00:01:16
Am I doing this right?,38908,c9pj85,https://i.imgur.com/D55oALg.jpg,273,1562416653.0,,2019-07-06 14:37:33
Shit! This explains a lot...,38896,cwml0v,https://i.redd.it/paxrusdfn7j31.jpg,461,1567036003.0,,2019-08-29 01:46:43
Stay safe guys,38856,dewd5v,https://i.redd.it/crtw0la9l9r31.jpg,1031,1570546272.0,,2019-10-08 16:51:12
Update: Still no response from Meghan...,38857,b81pwq,https://i.redd.it/upx66kzlcnp21.jpg,551,1554150634.0,,2019-04-01 22:30:34
Flew right past her,38849,9wwbde,https://i.redd.it/y39fxdb7u7y11.jpg,300,1542194943.0,,2018-11-14 12:29:03
What matches?,38839,byt02t,https://i.redd.it/ia614t869g331.jpg,627,1560166602.0,,2019-06-10 13:36:42
She walked right into that one,38834,bwmn24,https://i.redd.it/d2lrom5f4b231.jpg,342,1559668623.0,,2019-06-04 19:17:03
She doesn‚Äôt get it,38826,dvkyn7,https://i.redd.it/97pg15a57dy31.jpg,837,1573640889.0,,2019-11-13 11:28:09
Happy Thanksgiving everyone!,38707,9zkf1o,https://i.redd.it/avrvg00ivzz11.jpg,247,1542970219.0,,2018-11-23 11:50:19
I‚Äôm a bit of an artist myself,38672,bwacgm,https://i.redd.it/4e9hmclg25231.jpg,548,1559595344.0,,2019-06-03 22:55:44
"Oh boy, here I go killing again",38666,77el60,https://i.imgur.com/L5rrRY3.jpg,1324,1508450778.0,,2017-10-20 00:06:18
Totally caught my buddy off guard,38569,7tkkv6,https://i.redd.it/8tadpypsltc01.jpg,895,1517179281.0,,2018-01-28 23:41:21
this is what dreams are made of,38547,d468rl,https://i.redd.it/nndspsufqkm31.jpg,454,1568501950.0,,2019-09-15 00:59:10
Penis is not a bone,38533,6enhhp,https://i.redd.it/8g335l7uy11z.jpg,1362,1496359877.0,,2017-06-02 01:31:17
Best conversation I've had on tinder,38526,dy2gz6,https://i.redd.it/ec5rt6matfz31.jpg,508,1574108400.0,,2019-11-18 21:20:00
Welcome to my office,38515,abvskk,https://i.redd.it/y20tb6lau1821.png,284,1546480817.0,,2019-01-03 03:00:17
I play piano üéπ,38512,6mfv46,https://i.redd.it/s3yncs89ts8z.jpg,836,1499735760.0,,2017-07-11 03:16:00
Oops,38517,9ayx4r,https://i.redd.it/t7as8b866ui11.jpg,355,1535491751.0,,2018-08-28 23:29:11
Choose your own adventure,38441,9sydyu,https://i.redd.it/fmcmy95soiv11.jpg,153,1541018814.0,,2018-10-31 21:46:54
Hope she doesn't translate it!,38403,b9k6jr,https://i.redd.it/tcosm0j15cq21.jpg,477,1554450764.0,,2019-04-05 09:52:44
I have a picture of me in the hospital and try to convince people of the most ridiculous reason for why I'm there when they ask. This is my favorite so far,38387,7yf26q,https://imgur.com/ZTpr5F6,710,1518998154.0,,2018-02-19 00:55:54
Commas,38316,azsmr4,https://i.redd.it/cyimgxuv8hl21.jpg,271,1552334505.0,,2019-03-11 21:01:45
She unmatched. ¬Ø\_(„ÉÑ)_/¬Ø,38301,d7kyw3,https://i.redd.it/fae9bpasb2o31.png,339,1569150793.0,,2019-09-22 13:13:13
She hit me up over two years later.,38281,83nnmf,https://imgur.com/yqPNVVD,492,1520813909.0,,2018-03-12 01:18:29
Nice try pal,38250,74zeob,https://i.redd.it/r5f6euw4wiqz.jpg,565,1507460928.0,,2017-10-08 13:08:48
Her bio said she liked cheesy pickup lines,38228,dtgszn,https://i.redd.it/em9d6jhwahx31.jpg,459,1573255046.0,,2019-11-09 00:17:26
Destroy yourself for the greater good,38198,bq5v6x,https://i.redd.it/80tycz6hyzy21.jpg,372,1558225903.0,,2019-05-19 02:31:43
I love tinder,38171,82b9f6,https://i.redd.it/ahotv0tgq1k01.jpg,477,1520328642.0,,2018-03-06 10:30:42
Her bio said she goes to law school.,38130,cogu9e,https://i.redd.it/abzytmplvlf31.jpg,630,1565464857.0,,2019-08-10 21:20:57
Science the boys away.,38121,90yqme,https://i.redd.it/3oavr5jqvib11.jpg,326,1532304130.0,,2018-07-23 02:02:10
"""I'm just here to hang out with your dog"". (Update: she finally responded)",37954,9q3zyu,https://i.redd.it/yjm85jp8wjt11.jpg,526,1540161672.0,,2018-10-22 00:41:12
She forgot the mileage,37932,cu24tu,https://i.redd.it/54bj2c93v1i31.jpg,421,1566530092.0,,2019-08-23 05:14:52
"Well well well, how the turntables... have turned",37910,bjp32s,https://i.imgur.com/p7sc90h.jpg,918,1556788474.0,,2019-05-02 11:14:34
An interaction my friend had on Tinder last night,37860,bpunqn,https://i.redd.it/mx6q19jcbty21.jpg,589,1558145483.0,,2019-05-18 04:11:23
This is why I'm single...,37836,7vmrm6,https://i.redd.it/dnm7gpogxke01.jpg,928,1517945940.0,,2018-02-06 20:39:00
My friend Mike matched with a past one-night-stand,37826,8zedpj,https://i.redd.it/edlnfny8bda11.jpg,322,1531800858.0,,2018-07-17 06:14:18
üòÇ said she could beat me in kart,37809,dfa3h8,https://i.redd.it/180jaoq87fr31.jpg,350,1570614200.0,,2019-10-09 11:43:20
I like dogs too,37732,98m5dt,https://i.redd.it/xvkriu4ea3h11.jpg,822,1534730437.0,,2018-08-20 04:00:37
She did like my taste,37725,a5vm99,https://i.redd.it/8t97tae3z2421.jpg,346,1544751143.0,,2018-12-14 02:32:23
Friend sent this and I think I‚Äôm going to have to try it,37639,afwuhm,https://i.redd.it/95z9r0n0qea21.jpg,331,1547508460.0,,2019-01-15 00:27:40
Anytime,37625,9iepeg,https://i.redd.it/ogd5785yw3o11.jpg,475,1537788958.0,,2018-09-24 13:35:58
Finally matched a French girl!,37610,blq66z,https://i.redd.it/fgsbe8l7asw21.jpg,391,1557261340.0,,2019-05-07 22:35:40
honesty is the best policy,37536,ck9zvz,https://i.redd.it/hmeiszg7rnd31.jpg,247,1564615896.0,,2019-08-01 01:31:36
[OC] My First 30 days on Tinder,37534,840iwp,https://i.redd.it/r7h2jrutqfl01.jpg,1093,1520934109.0,,2018-03-13 10:41:49
Had to Super Like,37509,97tkvl,https://i.redd.it/0rpsctt3bhg11.jpg,437,1534464325.0,,2018-08-17 02:05:25
Just came straight forward. It's nice to have something else for a change.,37495,brg2o3,https://i.redd.it/7e2sjw6nsmz21.jpg,631,1558502400.0,,2019-05-22 07:20:00
Violets are blue,37473,bei748,https://i.redd.it/va75jxuqsys21.jpg,378,1555596780.0,,2019-04-18 16:13:00
Deserved,37435,7ime32,https://i.redd.it/qbq7co7vzv201.png,275,1512849745.0,,2017-12-09 21:02:25
"I just wanna send a big thank to Tinder. I tried it for fun, but it brought me happiness.",37426,bdpp29,https://i.redd.it/z5d8v9c10ks21.png,820,1555417632.0,,2019-04-16 14:27:12
She didn't see it coming...,37232,9mxna9,https://i.redd.it/lcos7ftsjbr11.png,309,1539188937.0,,2018-10-10 18:28:57
Why you don‚Äôt laptop tinder in class...,36968,dcbnhu,https://i.redd.it/68pcvpqla5q31.jpg,469,1570058416.0,,2019-10-03 01:20:16
RIP doggo,36942,e0nrrv,https://i.imgur.com/ncF8wHq.jpg,223,1574570488.0,,2019-11-24 05:41:28
They never messaged me back. At least I thought it was funny,36935,8725st,https://i.redd.it/18emg00t1yn01.png,245,1522027420.0,,2018-03-26 03:23:40
high stakes date,36928,8l1o3s,https://i.redd.it/ishcmvpg98z01.png,357,1526945398.0,,2018-05-22 01:29:58
She seems like a stand up girl,36891,6xtk0c,https://i.redd.it/s542t4ztlojz.png,945,1504479174.0,,2017-09-04 00:52:54
I don‚Äôt know what just happened,36861,7a75ie,https://i.redd.it/6epcc2mhxfvz.jpg,1379,1509604299.0,,2017-11-02 07:31:39
I knew she would come around.,36852,ahakm2,https://i.redd.it/738qmf69r6b21.jpg,621,1547847870.0,,2019-01-18 22:44:30
I don't even like cucumbers,36783,70lpgh,https://i.redd.it/fcydbsgsldmz.jpg,528,1505653519.0,,2017-09-17 15:05:19
What to say?,36736,763j34,https://i.imgur.com/7Y1BIzM.jpg,494,1507913471.0,,2017-10-13 18:51:11
I think I have enough Vitamin C,36699,b2rrb5,https://i.imgur.com/vT9dgyd.jpg,541,1552991501.0,,2019-03-19 11:31:41
Tinder anywhere near this one bar in London,36659,ao6zgy,https://i.imgur.com/aP7UZZK.jpg,969,1549593900.0,,2019-02-08 03:45:00
Good test taker,36634,6f8dea,http://imgur.com/8mB3yIE,1030,1496624212.0,,2017-06-05 02:56:52
"The link redirects to the playlist seen on the right, normal conversation is in Dutch so I translated it",36622,bzru25,https://i.redd.it/by9n77d4qx331.jpg,941,1560378119.0,,2019-06-13 00:21:59
This bio deserves a round of applause,36576,ataver,https://i.redd.it/a20gslx4o0i21.jpg,548,1550825116.0,,2019-02-22 09:45:16
I'm starting to realise why I'm single,36548,de9yl3,https://i.redd.it/qqa7ph3frzq31.jpg,344,1570427275.0,,2019-10-07 07:47:55
It actually fucking worked,36478,c7u0wy,https://i.redd.it/ob652wx9op731.png,236,1562024036.0,,2019-07-02 01:33:56
TIL that I am a whore...,36471,d7391s,https://i.redd.it/xwrgz2jc8un31.png,1347,1569052783.0,,2019-09-21 09:59:43
I can‚Äôt say I‚Äôm surprised,36443,9diqsv,https://i.redd.it/ygw8a50phmk11.jpg,322,1536270468.0,,2018-09-06 23:47:48
Her bio said she was a lawyer,36421,6zhmqe,https://imgur.com/uH8ra3m,267,1505186451.0,,2017-09-12 05:20:51
Are you a SAT?,36346,71anyj,https://i.redd.it/vsqe8pio51nz.jpg,364,1505938667.0,,2017-09-20 22:17:47
Not sure if red flag,36302,d00en6,https://i.redd.it/qomy3gjivrk31.jpg,1342,1567716710.0,,2019-09-05 22:51:50
Bio gold,36301,7h3jwg,https://i.redd.it/u4zkh1o1dj101.jpg,444,1512260940.0,,2017-12-03 01:29:00
She‚Äôs just looking for her Prince Charming.,36289,d1479h,https://i.imgur.com/BRTF47v.jpg,166,1567932189.0,,2019-09-08 10:43:09
Too bold?,36273,ch6689,https://i.redd.it/j1lgpih758c31.jpg,445,1563991046.0,,2019-07-24 19:57:26
"her bio said ""mrs. steal your dog""",36257,dxz98e,https://i.imgur.com/pWJc4YG.jpg,411,1574086272.0,,2019-11-18 15:11:12
Finger guns,36238,8k97ln,https://i.redd.it/ke6i661mgiy01.jpg,250,1526633022.0,,2018-05-18 10:43:42
One of the best bios I‚Äôve seen on this app,36201,ald4j4,https://i.redd.it/c8jnh35wkkd21.jpg,423,1548886922.0,,2019-01-30 23:22:02
Am I doing this right?,36181,85m6xh,https://i.redd.it/rov7ivb4trm01.jpg,359,1521516010.0,,2018-03-20 04:20:10
You miss 100% of the shots you don't take.,36173,ajnccx,https://i.redd.it/i0nz3cawdjc21.jpg,418,1548436652.0,,2019-01-25 18:17:32
Few pointers,36138,ch2k2o,https://i.redd.it/sqqzurak36c31.jpg,732,1563966293.0,,2019-07-24 13:04:53
The most respectful conversation on tinder,36114,bowvch,https://i.redd.it/nrw6l23y3dy21.jpg,312,1557949284.0,,2019-05-15 21:41:24
She fell for one of the classic blunders,36062,aazlxq,https://i.redd.it/73rrz45s8h721.png,253,1546231488.0,,2018-12-31 05:44:48
Begone Thot,36048,d6mivf,https://i.redd.it/du08rbwc2nn31.jpg,378,1568966020.0,,2019-09-20 09:53:40
I tried the pickup lime,36036,5xly9v,http://i.imgur.com/SHKe3tL.jpg,1267,1488731786.0,,2017-03-05 17:36:26
Outdone,36029,77nmiu,https://i.redd.it/fmvipk9gs0tz.jpg,1253,1508549341.0,,2017-10-21 03:29:01
Am I doing this tinder thing right?,36009,bx7a6w,https://i.redd.it/oj8t463cil231.jpg,543,1559794371.0,,2019-06-06 06:12:51
Thank you to everyone who sent me love and support on my previous post. Its been overwhelmingly positive. Here‚Äôs a follow up try. I know I need better pictures. They‚Äôre coming. Also posting on POF so Tinder isn‚Äôt the only option. Lemme know what you think.,35996,a03om6,https://i.redd.it/d5wz83vcbd021.jpg,908,1543132942.0,,2018-11-25 09:02:22
Couple of 10's,35974,9ef31e,https://i.redd.it/ki1fk3v179l11.png,443,1536545402.0,,2018-09-10 04:10:02
Uhhh,35938,d2b1d8,https://i.redd.it/n3w5jvnkxsl31.jpg,286,1568165356.0,,2019-09-11 03:29:16
well okay then,35899,9gbrzo,https://i.redd.it/7ioocqdclmm11.jpg,874,1537143390.0,,2018-09-17 02:16:30
This smart-ass...,35859,bnahd9,https://i.redd.it/ts779jr53kx21.png,409,1557597920.0,,2019-05-11 20:05:20
Well that played out better than I expected,35824,c1m09v,https://i.redd.it/d0c54xdoaw431.jpg,420,1560796669.0,,2019-06-17 20:37:49
Why do you put it like that?,35791,c1de35,https://i.redd.it/r8ch2v5llr431.jpg,608,1560739803.0,,2019-06-17 04:50:03
I‚Äôm going to die alone,35765,brpm5e,https://i.redd.it/lncg0gdjyrz21.jpg,358,1558564916.0,,2019-05-23 00:41:56
I hear girls like it when you have more than one picture in your bio,35760,5g46lh,http://imgur.com/BplfnkO.gifv,368,1480725171.0,,2016-12-03 01:32:51
Got unmatched within seconds ü§ôüèª,35605,asdok7,https://i.redd.it/9fvupg3bkkh21.jpg,486,1550630119.0,,2019-02-20 03:35:19
Think we're on the same page,35592,d3qfh3,https://gfycat.com/chillypreciousbluegill,446,1568415370.0,,2019-09-14 00:56:10
Had a nice chat with Benjamin Button,35589,7ng0qc,http://imgur.com/XZ3din4,780,1514853773.0,,2018-01-02 01:42:53
We did it bois,35556,c8l8ql,https://i.redd.it/b11ysyxxl1831.jpg,508,1562168535.0,,2019-07-03 17:42:15
"""I am inevitable""",35551,buluz8,https://i.redd.it/mwaxxobei8131.jpg,370,1559201183.0,,2019-05-30 09:26:23
I like sports okay?,35537,9v3xje,https://i.redd.it/ah618x95fzw11.jpg,187,1541657177.0,,2018-11-08 07:06:17
Long showers are the best,35501,ahwxxz,https://i.redd.it/hz37bwcpkkb21.jpg,254,1548015163.0,,2019-01-20 21:12:43
Hey...,35502,bg3oub,https://i.redd.it/awa8m2kt7ut21.jpg,724,1555977164.0,,2019-04-23 01:52:44
Touch√©,35493,9nu5ue,https://imgur.com/AMPirpS,380,1539469915.0,,2018-10-14 00:31:55
She's like the Jesus of Tinder,35491,74b3jy,https://i.redd.it/0biilkkqlvpz.jpg,943,1507179007.0,,2017-10-05 06:50:07
i want fuck you üòÇ,35409,c3azei,https://i.redd.it/do3zk25pvp531.jpg,676,1561154836.0,,2019-06-22 00:07:16
This is so sad !!,35394,bddvvo,https://i.redd.it/9sm38tulaes21.jpg,409,1555348543.0,,2019-04-15 19:15:43
Nice,35356,9zpnap,https://i.redd.it/ka0dlvgex3021.jpg,533,1543019287.0,,2018-11-24 01:28:07
Unmatch Incoming.,35343,bx1dhu,https://i.redd.it/5v3xr6fwti231.jpg,296,1559762065.0,,2019-06-05 21:14:25
Am I being too clingy?,35312,9onyhl,https://i.redd.it/4901qdq32ks11.jpg,410,1539727794.0,,2018-10-17 00:09:54
He didn‚Äôt appreciate it,35308,dcoke0,https://i.redd.it/bxv6795pqaq31.jpg,515,1570124361.0,,2019-10-03 19:39:21
She's legal somewhere in the world..,35278,81snty,https://imgur.com/H2EZZkP,1527,1520136946.0,,2018-03-04 05:15:46
I guess I'm not going home alone for Thanksgiving after all,35240,e0uxma,https://i.redd.it/204xiqnwvk041.png,666,1574605663.0,,2019-11-24 15:27:43
17 inches of pleasure.,35157,8i8o6g,https://i.redd.it/m7jbuvgvrvw01.jpg,609,1525922514.0,,2018-05-10 05:21:54
Correct misspelling,35157,adytcc,https://i.redd.it/fpejym9qi9921.jpg,383,1547009628.0,,2019-01-09 05:53:48
Language difficulties whilst travelling in California,35116,9r4phs,https://imgur.com/spd3di6,828,1540451048.0,,2018-10-25 09:04:08
I may be wed before the month is over! (He has yet to confirm),35053,cr540b,https://i.redd.it/5dwwpjxfrsg31.jpg,485,1565984054.0,,2019-08-16 21:34:14
I decided to try a new approach to Tinder and cast a wide net,34985,bnpesa,https://imgur.com/a/zngql3u,737,1557699394.0,,2019-05-13 00:16:34
Oof.,34975,ao8vgi,https://i.redd.it/mc67qclks7f21.png,181,1549603814.0,,2019-02-08 06:30:14
Chicks love a guy who plays the guitar,34939,ac0ej7,https://i.redd.it/nh63dvbc44821.jpg,297,1546508405.0,,2019-01-03 10:40:05
‚ÄúGet Tinder‚Äù they said,34907,diept4,https://i.redd.it/66i47i79vrs31.jpg,558,1571203406.0,,2019-10-16 07:23:26
The most wholesome bio. We're all gonna make it,34902,acw9z9,https://i.redd.it/u8j1s5ld6n821.jpg,538,1546739121.0,,2019-01-06 02:45:21
"My girlfriend and I celebrated our 1-year anniversary. We met on tinder, so naturally I had our first conversation printed on a blanket.",34895,b5a2h0,https://i.redd.it/w21iaujmd9o21.png,754,1553545678.0,,2019-03-25 21:27:58
BDE,34879,dk0mx0,https://i.imgur.com/MeF2pYU.png,337,1571499953.0,,2019-10-19 17:45:53
My bio says I can't eat dairy. Her bio says she has wired headphones.,34880,aq2fib,https://i.imgur.com/eiHBr2B.jpg,680,1550059498.0,,2019-02-13 13:04:58
I swiped right,34850,bjia9g,https://i.imgur.com/I2d1OEq.jpg,272,1556752612.0,,2019-05-02 01:16:52
Welcome to tinder the newest text based RPG,34845,b2ja2r,https://i.redd.it/ynpyn49ezvm21.png,676,1552947610.0,,2019-03-18 23:20:10
She's been around the block a few times,34787,6jcbao,https://i.redd.it/e744fotgop5z.jpg,564,1498390284.0,,2017-06-25 13:31:24
Shannon Sharpe,34789,cvz02b,https://i.redd.it/wj5703kfywi31.jpg,239,1566906528.0,,2019-08-27 13:48:48
I wonder how fast she will unmatch.,34719,b5tlun,https://i.redd.it/944wy1x5fio21.png,419,1553655111.0,,2019-03-27 03:51:51
It worked,34676,d4owlu,https://i.redd.it/hb5ltdai3tm31.jpg,198,1568603200.0,,2019-09-16 05:06:40
am I doing this right?,34620,9x1nzt,https://i.redd.it/ak6kdfipqby11.jpg,419,1542242197.0,,2018-11-15 01:36:37
Her bio said to swipe right and explain how the app works...,34584,bvpb10,https://i.redd.it/zzrjem4y3t131.png,263,1559450542.0,,2019-06-02 06:42:22
I know almost nothing about football,34583,772eek,https://i.imgur.com/m2ovSO3.jpg,516,1508310060.0,,2017-10-18 09:01:00
I remember this interaction every time I think about getting back on tinder.,34576,coy4br,https://i.redd.it/dsxl877e9uf31.jpg,530,1565566350.0,,2019-08-12 01:32:30
Turns out that Communism works,34556,amoxxt,https://i.redd.it/45y04a0cece21.jpg,233,1549223710.0,,2019-02-03 20:55:10
I guess I'm engaged now...,34542,dwqg8h,https://i.redd.it/rtlft33pluy31.jpg,418,1573851603.0,,2019-11-15 22:00:03
Updated my Tinder in the spirit of Halloween,34523,dpuryv,https://i.redd.it/7szx64zz8yv31.jpg,379,1572588213.0,,2019-11-01 07:03:33
She's the one,34468,7utucu,https://imgur.com/H8cpAU2,877,1517628746.0,,2018-02-03 04:32:26
I geuss...,34454,cw5g06,https://i.imgur.com/qo5yK8m.png,938,1566945965.0,,2019-08-28 00:46:05
Wow,34434,bwff7b,https://i.redd.it/urcugy7197231.jpg,335,1559621753.0,,2019-06-04 06:15:53
:'),34413,bv0jhh,https://i.redd.it/zrpxysxuuf131.jpg,377,1559290093.0,,2019-05-31 10:08:13
Georgia and Florida,34414,b49ghv,https://i.redd.it/igptuaid4qn21.jpg,804,1553312489.0,,2019-03-23 04:41:29
"If you make a mistake, why not just keep going?",34415,clo723,https://i.redd.it/4u7m9hjzyae31.jpg,230,1564896972.0,,2019-08-04 07:36:12
I think my dirty talk needs work,34412,b7b08p,https://i.redd.it/hxw12qg189p21.jpg,465,1553979602.0,,2019-03-30 22:00:02
Are you a necromancer?,34383,9uc9nn,https://i.redd.it/e2e50ew0jhw11.jpg,240,1541440558.0,,2018-11-05 18:55:58
You have to do better than that...,34276,9sosf4,https://i.redd.it/eixib2k99cv11.jpg,339,1540940892.0,,2018-10-31 00:08:12
Guess she's not interested in letting me make a deposit.,34256,8owxjk,https://i.redd.it/48lza9alja211.png,342,1528280557.0,,2018-06-06 12:22:37
Can‚Äôt win them all ü§∑üèª‚Äç‚ôÇÔ∏è,34247,bh5bzx,https://i.redd.it/2bx02vbzscu21.jpg,419,1556202205.0,,2019-04-25 16:23:25
So I might have found the perfect girl,34187,8fd2uh,https://i.imgur.com/DABMmaa.png,310,1524876053.0,,2018-04-28 02:40:53
Not Sure How This Worked,34184,ax8wi0,https://i.imgur.com/onjePJ9.jpg,335,1551745204.0,,2019-03-05 01:20:04
Well I thought it was funny...,34158,6sx5cc,https://i.redd.it/f0f9ckslszez.png,986,1502435378.0,,2017-08-11 09:09:38
I‚Äôm glad he appreciated it,34147,c8ydvv,https://i.redd.it/3f2jx4rzw7831.jpg,331,1562244891.0,,2019-07-04 14:54:51
My friend wants to know if he's doing this right,34144,6om06q,http://i.imgur.com/KrEL2D6.jpg,813,1500644598.0,,2017-07-21 15:43:18
